-- phpMyAdmin SQL Dump
-- version 4.7.7
-- https://www.phpmyadmin.net/
--
-- Host: localhost
-- Generation Time: Feb 10, 2018 at 02:57 AM
-- Server version: 10.1.30-MariaDB
-- PHP Version: 7.2.1

SET SQL_MODE = "NO_AUTO_VALUE_ON_ZERO";
SET AUTOCOMMIT = 0;
START TRANSACTION;
SET time_zone = "+00:00";


/*!40101 SET @OLD_CHARACTER_SET_CLIENT=@@CHARACTER_SET_CLIENT */;
/*!40101 SET @OLD_CHARACTER_SET_RESULTS=@@CHARACTER_SET_RESULTS */;
/*!40101 SET @OLD_COLLATION_CONNECTION=@@COLLATION_CONNECTION */;
/*!40101 SET NAMES utf8mb4 */;

--
-- Database: `cloutBoom`
--

-- --------------------------------------------------------

--
-- Table structure for table `albums`
--

CREATE TABLE `albums` (
  `id` int(11) NOT NULL,
  `title` varchar(250) NOT NULL,
  `artist` int(11) NOT NULL,
  `genre` int(11) NOT NULL,
  `artworkPath` varchar(500) NOT NULL
) ENGINE=InnoDB DEFAULT CHARSET=latin1;

--
-- Dumping data for table `albums`
--

INSERT INTO `albums` (`id`, `title`, `artist`, `genre`, `artworkPath`) VALUES
(1, 'Vices', 1, 3, 'assets/images/artwork/bravos_vices.png'),
(2, 'Game Over', 2, 1, 'assets/images/artwork/jay_gameover.png'),
(3, 'Volar', 3, 4, 'assets/images/artwork/cassandra_volar.png'),
(4, 'Metanoia presented by The Bravos', 4, 3, 'assets/images/artwork/euphoric_audioa.png');

-- --------------------------------------------------------

--
-- Table structure for table `artist`
--

CREATE TABLE `artist` (
  `id` int(11) NOT NULL,
  `name` varchar(50) NOT NULL
) ENGINE=InnoDB DEFAULT CHARSET=latin1;

--
-- Dumping data for table `artist`
--

INSERT INTO `artist` (`id`, `name`) VALUES
(1, 'The Bravos'),
(2, 'Jay Trilogy'),
(3, 'Cassandra Nunez'),
(4, 'Audio Activists');

-- --------------------------------------------------------

--
-- Table structure for table `genre`
--

CREATE TABLE `genre` (
  `id` int(11) NOT NULL,
  `name` varchar(50) NOT NULL
) ENGINE=InnoDB DEFAULT CHARSET=latin1;

--
-- Dumping data for table `genre`
--

INSERT INTO `genre` (`id`, `name`) VALUES
(1, 'Hip-Hop'),
(2, 'R&B'),
(3, 'EDM'),
(4, 'Latin'),
(5, 'Rock'),
(6, 'Jazz'),
(7, 'Folk'),
(8, 'Country'),
(9, 'Reggae'),
(10, 'Pop');

-- --------------------------------------------------------

--
-- Table structure for table `Songs`
--

CREATE TABLE `Songs` (
  `id` int(11) NOT NULL,
  `title` varchar(250) NOT NULL,
  `artist` int(11) NOT NULL,
  `album` int(11) NOT NULL,
  `genre` int(11) NOT NULL,
  `duration` varchar(8) NOT NULL,
  `path` varchar(500) NOT NULL,
  `albumOrder` int(11) NOT NULL,
  `plays` int(11) NOT NULL
) ENGINE=InnoDB DEFAULT CHARSET=latin1;

--
-- Dumping data for table `Songs`
--

INSERT INTO `Songs` (`id`, `title`, `artist`, `album`, `genre`, `duration`, `path`, `albumOrder`, `plays`) VALUES
(1, 'Volar - Single', 3, 4, 4, '3:04', 'assets/music/cassVolar.mp3', 1, 1),
(2, 'Game Over - Single', 2, 2, 1, '3:18', 'assets/music/JayTrilogy-gameover.mp3', 1, 1),
(3, 'Vices Rework featuring Martin Garrix', 1, 1, 3, '3:30', 'assets/music/forbidden-voices-martin-garrix-x-the-bravos.mp3', 1, 0),
(4, 'Warrior', 4, 4, 3, '2:50', 'assets/music/Audio_Activists-Warrior (The Bravos Remix).mp3', 1, 1);

-- --------------------------------------------------------

--
-- Table structure for table `users`
--

CREATE TABLE `users` (
  `id` int(11) NOT NULL,
  `username` varchar(25) NOT NULL,
  `firstName` varchar(50) NOT NULL,
  `lastName` int(50) NOT NULL,
  `email` varchar(200) NOT NULL,
  `password` varchar(32) NOT NULL,
  `signUpDate` datetime NOT NULL,
  `profilePic` varchar(500) NOT NULL
) ENGINE=InnoDB DEFAULT CHARSET=latin1;

--
-- Dumping data for table `users`
--

INSERT INTO `users` (`id`, `username`, `firstName`, `lastName`, `email`, `password`, `signUpDate`, `profilePic`) VALUES
(1, 'knaledge609', 'Joseph', 0, 'Jsubero609@gmail.com', 'cc03e747a6afbbcbf8be7668acfebee5', '2018-02-09 00:00:00', 'assets/images/profile-pics/head_emerald.png');

--
-- Indexes for dumped tables
--

--
-- Indexes for table `albums`
--
ALTER TABLE `albums`
  ADD PRIMARY KEY (`id`);

--
-- Indexes for table `artist`
--
ALTER TABLE `artist`
  ADD PRIMARY KEY (`id`);

--
-- Indexes for table `genre`
--
ALTER TABLE `genre`
  ADD PRIMARY KEY (`id`);

--
-- Indexes for table `Songs`
--
ALTER TABLE `Songs`
  ADD PRIMARY KEY (`id`);

--
-- Indexes for table `users`
--
ALTER TABLE `users`
  ADD PRIMARY KEY (`id`);

--
-- AUTO_INCREMENT for dumped tables
--

--
-- AUTO_INCREMENT for table `albums`
--
ALTER TABLE `albums`
  MODIFY `id` int(11) NOT NULL AUTO_INCREMENT, AUTO_INCREMENT=5;

--
-- AUTO_INCREMENT for table `artist`
--
ALTER TABLE `artist`
  MODIFY `id` int(11) NOT NULL AUTO_INCREMENT, AUTO_INCREMENT=5;

--
-- AUTO_INCREMENT for table `genre`
--
ALTER TABLE `genre`
  MODIFY `id` int(11) NOT NULL AUTO_INCREMENT, AUTO_INCREMENT=11;

--
-- AUTO_INCREMENT for table `Songs`
--
ALTER TABLE `Songs`
  MODIFY `id` int(11) NOT NULL AUTO_INCREMENT, AUTO_INCREMENT=5;

--
-- AUTO_INCREMENT for table `users`
--
ALTER TABLE `users`
  MODIFY `id` int(11) NOT NULL AUTO_INCREMENT, AUTO_INCREMENT=2;
COMMIT;

/*!40101 SET CHARACTER_SET_CLIENT=@OLD_CHARACTER_SET_CLIENT */;
/*!40101 SET CHARACTER_SET_RESULTS=@OLD_CHARACTER_SET_RESULTS */;
/*!40101 SET COLLATION_CONNECTION=@OLD_COLLATION_CONNECTION */;
